<?xml version="1.0" encoding="UTF-8"?>

<namespace xmlns="http://www.mulesoft.org/schema/mule/tooling.attributes" xmlns:mule="http://www.mulesoft.org/schema/mule/core" url="http://www.mulesoft.org/schema/mule/google-beacon" prefix="google-beacon">
  <global-cloud-connector versions="[3.5.0,8.0.0]" caption="Google Beacon" description="" icon="" localId="parentConfig" image="" abstract="true" extends="http://www.mulesoft.org/schema/mule/google-beacon/abstractGoogle-beaconConnectorGeneric"></global-cloud-connector>
  <global-cloud-connector versions="[3.5.0,8.0.0]" caption="Google Beacon" description="Global Google Beacon configuration information." icon="icons/small/google-beacon-connector-24x16.png" localId="config-with-oauth" image="icons/large/google-beacon-connector-48x32.png" abstract="false" extends="http://www.mulesoft.org/schema/mule/google-beacon/parentConfig" connectivityTesting="disabled" metaData="static">
    <attribute-category caption="General" description="Google-beacon configuration properties.">
      <group id="google-beaconGenericProperties" caption="Basic Settings">
        <name name="name" caption="Name" description="Give a name to this configuration so it can be later referenced by config-ref." required="true"></name>
      </group>
      <group id="general" caption="General">
        <enum defaultValue="EXCEPTION" allowsCustom="false" name="onNoToken" xsdType="string" caption="On No Token" description="Action to take when no token is found.">
          <option value="EXCEPTION"></option>
          <option value="STOP_FLOW"></option>
        </enum>
        <string defaultValue="Mule-GoogleCalendarConnector/1.0" name="applicationName" caption="Application Name" description="Application name registered on Google API console." required="false" javaType="java.lang.String"></string>
        <string name="consumerKey" caption="Consumer Key" description="The OAuth2 consumer key." required="true" javaType="java.lang.String"></string>
        <string name="consumerSecret" caption="Consumer Secret" description="The OAuth2 consumer secret." required="true" javaType="java.lang.String"></string>
        <string defaultValue="https://www.googleapis.com/auth/userinfo.profile https://www.googleapis.com/auth/userinfo.email https://www.googleapis.com/auth/userlocation.beacon.registry" name="scope" caption="Scope" description="The OAuth scopes you want to request." required="false" javaType="java.lang.String"></string>
        <string name="clientFactory-ref" caption="Client Factory Reference" description="Factory to instantiate the underlying google client. Usually you don't
need to override this. Most common use case of a custom value here is
testing." required="false" javaType="org.mule.module.google.beacon.GoogleBeaconClientFactory"></string>
      </group>
    </attribute-category>
    <attribute-category caption="Oauth" description="OAuth.">
      <group id="oauthCallbackConfigGroup" caption="Oauth Callback Config">
        <childElement inplace="true" name="http://www.mulesoft.org/schema/mule/google-beacon/oauth-callback-config" caption="" description=""></childElement>
      </group>
      <group id="oauthStoreConfigGroup" caption="Oauth Object Store Config">
        <childElement inplace="true" name="http://www.mulesoft.org/schema/mule/google-beacon/oauth-store-config" caption="" description=""></childElement>
      </group>
    </attribute-category>
  </global-cloud-connector>
  <cloud-connector caption="Abstractgoogle-beaconconnectorgeneric" description="Interact with Google-beacon." icon="icons/small/google-beacon-connector-24x16.png" localId="abstractGoogle-beaconConnectorGeneric" image="icons/large/google-beacon-connector-48x32.png" abstract="true">
    <attribute-category caption="General" description="General.">
      <group id="abstractGoogle-beaconConnectorGeneric" caption="Basic Settings">
        <globalRef requiredType="http://www.mulesoft.org/schema/mule/google-beacon/config-with-oauth" name="config-ref" caption="Connector Configuration" description="Specify which configuration to use for this invocation." required="true"></globalRef>
      </group>
    </attribute-category>
  </cloud-connector>
  <cloud-connector versions="[3.5.0,8.0.0]" aliasId="org.mule.tooling.ui.modules.core.pattern.google-beacon" caption="Google Beacon" description="Google Beacon Cloud connector. This connector covers almost all the Google
Calendar API v3 using OAuth2 for authentication." icon="icons/small/google-beacon-connector-24x16.png" localId="google-beacon-connector" image="icons/large/google-beacon-connector-48x32.png" extends="http://www.mulesoft.org/schema/mule/google-beacon/abstractGoogle-beaconConnectorGeneric">
    <attribute-category caption="General" description="General.">
      <group id="google-beaconConnectorGeneric" caption="Basic Settings">
        <modeSwitch alwaysCombo="true" name="Google-beacon operations to execute" caption="Operation" description="Operation.">
          <mode modeId="http://www.mulesoft.org/schema/mule/google-beacon/authorize" modeLabel="Authorize"></mode>
          <mode modeId="http://www.mulesoft.org/schema/mule/google-beacon/unauthorize" modeLabel="Unauthorize"></mode>
          <mode modeId="http://www.mulesoft.org/schema/mule/google-beacon/activate-beacon" modeLabel="Activate beacon"></mode>
          <mode modeId="http://www.mulesoft.org/schema/mule/google-beacon/batch-delete-attachments" modeLabel="Batch delete attachments"></mode>
          <mode modeId="http://www.mulesoft.org/schema/mule/google-beacon/create-attachment" modeLabel="Create attachment"></mode>
          <mode modeId="http://www.mulesoft.org/schema/mule/google-beacon/deactivate-beacon" modeLabel="Deactivate beacon"></mode>
          <mode modeId="http://www.mulesoft.org/schema/mule/google-beacon/decommission-beacon" modeLabel="Decommission beacon"></mode>
          <mode modeId="http://www.mulesoft.org/schema/mule/google-beacon/delete-attachment" modeLabel="Delete attachment"></mode>
          <mode modeId="http://www.mulesoft.org/schema/mule/google-beacon/get-beacon-info" modeLabel="Get beacon info"></mode>
          <mode modeId="http://www.mulesoft.org/schema/mule/google-beacon/get-beacons" modeLabel="Get beacons"></mode>
          <mode modeId="http://www.mulesoft.org/schema/mule/google-beacon/list-attachments" modeLabel="List attachments"></mode>
          <mode modeId="http://www.mulesoft.org/schema/mule/google-beacon/list-beacons" modeLabel="List beacons"></mode>
          <mode modeId="http://www.mulesoft.org/schema/mule/google-beacon/register-beacon" modeLabel="Register beacon"></mode>
          <mode modeId="http://www.mulesoft.org/schema/mule/google-beacon/update-beacon" modeLabel="Update beacon"></mode>
        </modeSwitch>
      </group>
    </attribute-category>
  </cloud-connector>
  <cloud-connector returnType="java.lang.String" caption="Activate Beacon" icon="icons/small/google-beacon-connector-24x16.png" localId="activate-beacon" image="icons/large/google-beacon-connector-48x32.png" abstract="true" extends="http://www.mulesoft.org/schema/mule/google-beacon/abstractGoogle-beaconConnectorGeneric" metaData="static">
    <attribute-category caption="General" description="General.">
      <group id="general" caption="General">
        <string name="beaconName" caption="Beacon Name" description="" required="true" javaType="java.lang.String"></string>
      </group>
    </attribute-category>
    <attribute-category caption="Advanced" description="Advanced">
      <group id="advanced" caption="Advanced">
        <string name="accessTokenId" caption="Access Token Id" description="The id of the access token that will be used to authenticate the call." required="false" javaType="java.lang.String"></string>
      </group>
    </attribute-category>
  </cloud-connector>
  <cloud-connector caption="Authorize" icon="icons/small/google-beacon-connector-24x16.png" localId="authorize" image="icons/large/google-beacon-connector-48x32.png" abstract="true" extends="http://www.mulesoft.org/schema/mule/google-beacon/abstractGoogle-beaconConnectorGeneric">
    <attribute-category caption="General" description="General.">
      <group id="general" caption="General">
        <string name="state" caption="State" description="Any value that you wish to be sent with the callback." required="false"></string>
        <string name="accessTokenUrl" caption="Access Token Url" description="The URL defined by the Service Provider to obtain an access token." required="false"></string>
        <string name="authorizationUrl" caption="Authorization Url" description="The URL defined by the Service Provider where the resource owner will be redirected to grant authorization to the connector." required="false"></string>
        <string name="accessTokenId" caption="Access Token Id" description="The id of the access token that will be used to authenticate the call." required="false" javaType="java.lang.String"></string>
      </group>
      <group id="additionalAuthorizationParameters" caption="Additional Authorization Parameters">
        <enum allowsCustom="true" name="access_type" caption="Access_type" description="Access_type." supportsExpressions="true" required="false" javaType="org.mule.modules.google.AccessType">
          <option value="offline"></option>
          <option value="online"></option>
        </enum>
        <enum allowsCustom="true" name="force_prompt" caption="Force_prompt" description="Force_prompt." supportsExpressions="true" required="false" javaType="org.mule.modules.google.ForcePrompt">
          <option value="auto"></option>
          <option value="force"></option>
        </enum>
      </group>
    </attribute-category>
  </cloud-connector>
  <cloud-connector returnType="java.lang.String" caption="Batch Delete Attachments" icon="icons/small/google-beacon-connector-24x16.png" localId="batch-delete-attachments" image="icons/large/google-beacon-connector-48x32.png" abstract="true" extends="http://www.mulesoft.org/schema/mule/google-beacon/abstractGoogle-beaconConnectorGeneric" metaData="static">
    <attribute-category caption="General" description="General.">
      <group id="general" caption="General">
        <string name="beaconName" caption="Beacon Name" description="" required="true" javaType="java.lang.String"></string>
      </group>
    </attribute-category>
    <attribute-category caption="Advanced" description="Advanced">
      <group id="advanced" caption="Advanced">
        <string name="accessTokenId" caption="Access Token Id" description="The id of the access token that will be used to authenticate the call." required="false" javaType="java.lang.String"></string>
      </group>
    </attribute-category>
  </cloud-connector>
  <cloud-connector returnType="java.lang.String" caption="Create Attachment" icon="icons/small/google-beacon-connector-24x16.png" localId="create-attachment" image="icons/large/google-beacon-connector-48x32.png" abstract="true" extends="http://www.mulesoft.org/schema/mule/google-beacon/abstractGoogle-beaconConnectorGeneric" metaData="static">
    <attribute-category caption="General" description="General.">
      <group id="general" caption="General">
        <string name="beaconName" caption="Beacon Name" description="" required="true" javaType="java.lang.String"></string>
        <string defaultValue="#[payload]" name="attachment-ref" caption="Attachment Reference" description="" required="false" javaType="org.mule.module.google.beacon.model.BeaconAttachment"></string>
        <string name="ProjectId" caption="Project Id" description="" required="true" javaType="java.lang.String"></string>
        <string name="data" caption="Data" description="" required="true" javaType="java.lang.String"></string>
        <string defaultValue="String" name="dataType" caption="Data Type" description="" required="false" javaType="java.lang.String"></string>
      </group>
    </attribute-category>
    <attribute-category caption="Advanced" description="Advanced">
      <group id="advanced" caption="Advanced">
        <string name="accessTokenId" caption="Access Token Id" description="The id of the access token that will be used to authenticate the call." required="false" javaType="java.lang.String"></string>
      </group>
    </attribute-category>
  </cloud-connector>
  <cloud-connector returnType="java.lang.String" caption="Deactivate Beacon" icon="icons/small/google-beacon-connector-24x16.png" localId="deactivate-beacon" image="icons/large/google-beacon-connector-48x32.png" abstract="true" extends="http://www.mulesoft.org/schema/mule/google-beacon/abstractGoogle-beaconConnectorGeneric" metaData="static">
    <attribute-category caption="General" description="General.">
      <group id="general" caption="General">
        <string name="beaconName" caption="Beacon Name" description="" required="true" javaType="java.lang.String"></string>
      </group>
    </attribute-category>
    <attribute-category caption="Advanced" description="Advanced">
      <group id="advanced" caption="Advanced">
        <string name="accessTokenId" caption="Access Token Id" description="The id of the access token that will be used to authenticate the call." required="false" javaType="java.lang.String"></string>
      </group>
    </attribute-category>
  </cloud-connector>
  <cloud-connector returnType="java.lang.String" caption="Decommission Beacon" icon="icons/small/google-beacon-connector-24x16.png" localId="decommission-beacon" image="icons/large/google-beacon-connector-48x32.png" abstract="true" extends="http://www.mulesoft.org/schema/mule/google-beacon/abstractGoogle-beaconConnectorGeneric" metaData="static">
    <attribute-category caption="General" description="General.">
      <group id="general" caption="General">
        <string name="beaconName" caption="Beacon Name" description="" required="true" javaType="java.lang.String"></string>
      </group>
    </attribute-category>
    <attribute-category caption="Advanced" description="Advanced">
      <group id="advanced" caption="Advanced">
        <string name="accessTokenId" caption="Access Token Id" description="The id of the access token that will be used to authenticate the call." required="false" javaType="java.lang.String"></string>
      </group>
    </attribute-category>
  </cloud-connector>
  <cloud-connector returnType="java.lang.String" caption="Delete Attachment" icon="icons/small/google-beacon-connector-24x16.png" localId="delete-attachment" image="icons/large/google-beacon-connector-48x32.png" abstract="true" extends="http://www.mulesoft.org/schema/mule/google-beacon/abstractGoogle-beaconConnectorGeneric" metaData="static">
    <attribute-category caption="General" description="General.">
      <group id="general" caption="General">
        <string name="attachmentId" caption="Attachment Id" description="" required="true" javaType="java.lang.String"></string>
        <string name="beaconName" caption="Beacon Name" description="" required="true" javaType="java.lang.String"></string>
      </group>
    </attribute-category>
    <attribute-category caption="Advanced" description="Advanced">
      <group id="advanced" caption="Advanced">
        <string name="accessTokenId" caption="Access Token Id" description="The id of the access token that will be used to authenticate the call." required="false" javaType="java.lang.String"></string>
      </group>
    </attribute-category>
  </cloud-connector>
  <cloud-connector returnType="java.lang.String" caption="Get Beacon Info" icon="icons/small/google-beacon-connector-24x16.png" localId="get-beacon-info" image="icons/large/google-beacon-connector-48x32.png" abstract="true" extends="http://www.mulesoft.org/schema/mule/google-beacon/abstractGoogle-beaconConnectorGeneric" metaData="static">
    <attribute-category caption="General" description="General.">
      <group id="general" caption="General">
        <string name="beaconName" caption="Beacon Name" description="" required="true" javaType="java.lang.String"></string>
      </group>
    </attribute-category>
    <attribute-category caption="Advanced" description="Advanced">
      <group id="advanced" caption="Advanced">
        <string name="accessTokenId" caption="Access Token Id" description="The id of the access token that will be used to authenticate the call." required="false" javaType="java.lang.String"></string>
      </group>
    </attribute-category>
  </cloud-connector>
  <cloud-connector returnType="java.lang.String" caption="Get Beacons" icon="icons/small/google-beacon-connector-24x16.png" localId="get-beacons" image="icons/large/google-beacon-connector-48x32.png" abstract="true" extends="http://www.mulesoft.org/schema/mule/google-beacon/abstractGoogle-beaconConnectorGeneric" metaData="static">
    <attribute-category caption="General" description="General."></attribute-category>
    <attribute-category caption="Advanced" description="Advanced">
      <group id="advanced" caption="Advanced">
        <string name="accessTokenId" caption="Access Token Id" description="The id of the access token that will be used to authenticate the call." required="false" javaType="java.lang.String"></string>
      </group>
    </attribute-category>
  </cloud-connector>
  <cloud-connector returnType="java.lang.String" caption="List Attachments" icon="icons/small/google-beacon-connector-24x16.png" localId="list-attachments" image="icons/large/google-beacon-connector-48x32.png" abstract="true" extends="http://www.mulesoft.org/schema/mule/google-beacon/abstractGoogle-beaconConnectorGeneric" metaData="static">
    <attribute-category caption="General" description="General.">
      <group id="general" caption="General">
        <string name="beaconName" caption="Beacon Name" description="" required="true" javaType="java.lang.String"></string>
      </group>
    </attribute-category>
    <attribute-category caption="Advanced" description="Advanced">
      <group id="advanced" caption="Advanced">
        <string name="accessTokenId" caption="Access Token Id" description="The id of the access token that will be used to authenticate the call." required="false" javaType="java.lang.String"></string>
      </group>
    </attribute-category>
  </cloud-connector>
  <cloud-connector returnType="java.lang.String" caption="List Beacons" icon="icons/small/google-beacon-connector-24x16.png" localId="list-beacons" image="icons/large/google-beacon-connector-48x32.png" abstract="true" extends="http://www.mulesoft.org/schema/mule/google-beacon/abstractGoogle-beaconConnectorGeneric" metaData="static">
    <attribute-category caption="General" description="General.">
      <group id="general" caption="General">
        <string name="query" caption="Query" description="" required="true" javaType="java.lang.String"></string>
      </group>
    </attribute-category>
    <attribute-category caption="Advanced" description="Advanced">
      <group id="advanced" caption="Advanced">
        <string name="accessTokenId" caption="Access Token Id" description="The id of the access token that will be used to authenticate the call." required="false" javaType="java.lang.String"></string>
      </group>
    </attribute-category>
  </cloud-connector>
  <cloud-connector returnType="java.lang.String" caption="Register Beacon" icon="icons/small/google-beacon-connector-24x16.png" localId="register-beacon" image="icons/large/google-beacon-connector-48x32.png" abstract="true" extends="http://www.mulesoft.org/schema/mule/google-beacon/abstractGoogle-beaconConnectorGeneric" metaData="static">
    <attribute-category caption="General" description="General.">
      <group id="general" caption="General">
        <string defaultValue="#[payload]" name="beacon-ref" caption="Beacon Reference" description="" required="false" javaType="org.mule.module.google.beacon.model.Beacon"></string>
        <string defaultValue="EDDYSTONE" name="advertisedIdType" caption="Advertised Id Type" description="" required="false" javaType="java.lang.String"></string>
        <string name="advertisedIdValue" caption="Advertised Id Value" description="" required="true" javaType="java.lang.String"></string>
        <string name="description" caption="Description" description="" required="false" javaType="java.lang.String"></string>
        <string name="expectedStability" caption="Expected Stability" description="" required="false" javaType="java.lang.String"></string>
        <string name="indoorLevel" caption="Indoor Level" description="" required="false" javaType="java.lang.String"></string>
        <string name="placeId" caption="Place Id" description="" required="false" javaType="java.lang.String"></string>
        <string defaultValue="ACTIVE" name="status" caption="Status" description="" required="false" javaType="java.lang.String"></string>
        <string name="lat" caption="Lat" description="" required="false" javaType="java.lang.Double"></string>
        <string name="lng" caption="Lng" description="" required="false" javaType="java.lang.Double"></string>
        <element-controller-map mapName="properties" localName="register-beacon-properties" itemName="property" caption="Properties" description="" required="false" javaType="java.util.Map&lt;java.lang.String,java.lang.String&gt;"></element-controller-map>
      </group>
    </attribute-category>
    <attribute-category caption="Advanced" description="Advanced">
      <group id="advanced" caption="Advanced">
        <string name="accessTokenId" caption="Access Token Id" description="The id of the access token that will be used to authenticate the call." required="false" javaType="java.lang.String"></string>
      </group>
    </attribute-category>
  </cloud-connector>
  <cloud-connector caption="Unauthorize" icon="icons/small/google-beacon-connector-24x16.png" localId="unauthorize" image="icons/large/google-beacon-connector-48x32.png" abstract="true" extends="http://www.mulesoft.org/schema/mule/google-beacon/abstractGoogle-beaconConnectorGeneric">
    <attribute-category caption="General" description="General.">
      <group id="general" caption="General">
        <string name="accessTokenId" caption="Access Token Id" description="The id of the access token that will be used to authenticate the call." required="false"></string>
      </group>
    </attribute-category>
  </cloud-connector>
  <cloud-connector returnType="java.lang.String" caption="Update Beacon" icon="icons/small/google-beacon-connector-24x16.png" localId="update-beacon" image="icons/large/google-beacon-connector-48x32.png" abstract="true" extends="http://www.mulesoft.org/schema/mule/google-beacon/abstractGoogle-beaconConnectorGeneric" metaData="static">
    <attribute-category caption="General" description="General.">
      <group id="general" caption="General">
        <string defaultValue="#[payload]" name="beacon-ref" caption="Beacon Reference" description="" required="false" javaType="org.mule.module.google.beacon.model.Beacon"></string>
        <string defaultValue="EDDYSTONE" name="advertisedIdType" caption="Advertised Id Type" description="" required="false" javaType="java.lang.String"></string>
        <string name="advertisedIdValue" caption="Advertised Id Value" description="" required="true" javaType="java.lang.String"></string>
        <string name="beaconName" caption="Beacon Name" description="" required="true" javaType="java.lang.String"></string>
        <string name="description" caption="Description" description="" required="false" javaType="java.lang.String"></string>
        <string name="expectedStability" caption="Expected Stability" description="" required="false" javaType="java.lang.String"></string>
        <string name="indoorLevel" caption="Indoor Level" description="" required="false" javaType="java.lang.String"></string>
        <string name="placeId" caption="Place Id" description="" required="false" javaType="java.lang.String"></string>
        <string defaultValue="ACTIVE" name="status" caption="Status" description="" required="false" javaType="java.lang.String"></string>
        <string name="lat" caption="Lat" description="" required="false" javaType="java.lang.Double"></string>
        <string name="lng" caption="Lng" description="" required="false" javaType="java.lang.Double"></string>
        <element-controller-map mapName="properties" localName="update-beacon-properties" itemName="property" caption="Properties" description="" required="false" javaType="java.util.Map&lt;java.lang.String,java.lang.String&gt;"></element-controller-map>
      </group>
    </attribute-category>
    <attribute-category caption="Advanced" description="Advanced">
      <group id="advanced" caption="Advanced">
        <string name="accessTokenId" caption="Access Token Id" description="The id of the access token that will be used to authenticate the call." required="false" javaType="java.lang.String"></string>
      </group>
    </attribute-category>
  </cloud-connector>
  <nested caption="" description="" localId="oauth-callback-config" abstract="true">
    <string name="domain" caption="Domain" description="The domain name to use when setting up the callback endpoint."></string>
    <string name="localPort" caption="Local Port" description="The local port to use when setting up the callback endpoint."></string>
    <string name="remotePort" caption="Remote Port" description="The remote port is the port used to build the external callback URL."></string>
    <string name="path" caption="Path" description="The path to use when setting up the callback endpoint."></string>
    <string name="connector-ref" caption="Http Connector Reference" description="The Http Connector to use when setting up the callback endpoint."></string>
    <string name="defaultAccessTokenId" caption="Default Access Token Id" description="A Mule Expression to use as access token id."></string>
    <boolean defaultValue="false" name="async" caption="Async" description="Async." fillLine="true"></boolean>
  </nested>
  <nested caption="" description="Configuration element for storage of access tokens" localId="oauth-store-config" abstract="true">
    <string name="objectStore-ref" caption="Object Store Reference" description="Object store reference."></string>
  </nested>
</namespace>