<?xml version="1.0" encoding="UTF-8"?>

<mule xmlns:google-beacon="http://www.mulesoft.org/schema/mule/google-beacon" xmlns:json="http://www.mulesoft.org/schema/mule/json" xmlns:google-calendars="http://www.mulesoft.org/schema/mule/google-calendars" xmlns:tracking="http://www.mulesoft.org/schema/mule/ee/tracking" xmlns:google-contacts="http://www.mulesoft.org/schema/mule/google-contacts" xmlns:http="http://www.mulesoft.org/schema/mule/http" xmlns="http://www.mulesoft.org/schema/mule/core" xmlns:doc="http://www.mulesoft.org/schema/mule/documentation"
	xmlns:spring="http://www.springframework.org/schema/beans" 
	xmlns:xsi="http://www.w3.org/2001/XMLSchema-instance"
	xsi:schemaLocation="http://www.springframework.org/schema/beans http://www.springframework.org/schema/beans/spring-beans-current.xsd
http://www.mulesoft.org/schema/mule/core http://www.mulesoft.org/schema/mule/core/current/mule.xsd
http://www.mulesoft.org/schema/mule/http http://www.mulesoft.org/schema/mule/http/current/mule-http.xsd
http://www.mulesoft.org/schema/mule/google-contacts http://www.mulesoft.org/schema/mule/google-contacts/current/mule-google-contacts.xsd
http://www.mulesoft.org/schema/mule/ee/tracking http://www.mulesoft.org/schema/mule/ee/tracking/current/mule-tracking-ee.xsd
http://www.mulesoft.org/schema/mule/google-calendars http://www.mulesoft.org/schema/mule/google-calendars/current/mule-google-calendars.xsd
http://www.mulesoft.org/schema/mule/json http://www.mulesoft.org/schema/mule/json/current/mule-json.xsd
http://www.mulesoft.org/schema/mule/google-beacon http://www.mulesoft.org/schema/mule/google-beacon/current/mule-google-beacon.xsd">
    <http:listener-config name="HTTP_Listener_Configuration123" host="localhost" port="8083" doc:name="HTTP Listener Configuration"/>
    
    <spring:beans>
        <spring:bean id="gc-access-object-store" name="gc-access-object-store" class="org.mule.util.store.SimpleMemoryObjectStore"/>
    </spring:beans>
    <http:listener-config name="HTTP_Listener_Configuration_google_EP" host="localhost" port="8084" doc:name="HTTP Listener Configuration"/>
    <google-calendars:config-with-oauth name="Google_Calendars_123" consumerKey="68926567054-3dnldvpfffifbgiejejl94b7veeui5j1.apps.googleusercontent.com" consumerSecret="4aiHvetqlaI6r1NIQY3C5g92" doc:name="Google Calendars">
        <google-calendars:oauth-callback-config domain="localhost" localPort="1111" remotePort="1111" path="callback"/>
        <google-calendars:oauth-store-config objectStore-ref="gc-access-object-store"/>
    </google-calendars:config-with-oauth>
    
    <flow name="testconnectorsFlow">
        <http:listener config-ref="HTTP_Listener_Configuration123" path="authorize" doc:name="HTTP"/>
        <google-calendars:authorize config-ref="Google_Calendars_123" doc:name="Google Calendars" accessTokenUrl="https://www.googleapis.com/oauth2/v3/token" authorizationUrl="https://accounts.google.com/o/oauth2/auth"/>
        <logger message="#[payload]" level="INFO" doc:name="Logger"/>
        <choice doc:name="Choice">
            <when expression="flowVars.OAuthAccessTokenId != null">
                <logger message="Authorization  successful" level="INFO" doc:name="Logger"/>
                <set-payload value="#['succesful']" doc:name="Set Payload"/>
            </when>
            <otherwise>
                <logger message="Authorization not successful" level="INFO" doc:name="Logger"/>
                <set-payload value="#['Unsuccessful']" doc:name="Set Payload"/>
            </otherwise>
        </choice>
    </flow>
    <flow name="googleContactsFlow">
        <http:listener config-ref="HTTP_Listener_Configuration123" path="beaconInfo" doc:name="HTTP"/>
        <google-calendars:get-beacon-info config-ref="Google_Calendars_123" beaconName="beacons/3!65646431656265616330643262626439" doc:name="Google Calendars"/>
        <logger message="'google response----------' #[payload]" level="INFO" doc:name="Logger"/>
    </flow>
    <flow name="googleContactsFlow1">
        <http:listener config-ref="HTTP_Listener_Configuration123" path="/listAttachments" doc:name="HTTP"/>
        <google-calendars:list-attachments config-ref="Google_Calendars_123" beaconName="beacons/3!65646431656265616330643262626439" doc:name="Google Calendars"/>
        <logger message="#[payload]" level="INFO" doc:name="Logger"/>
    </flow>
    <flow name="googleContactsFlow2">
        <http:listener config-ref="HTTP_Listener_Configuration123" path="/registerBeacon" doc:name="HTTP"/>
        <google-calendars:register-beacon config-ref="Google_Calendars_123" doc:name="Google Calendars" advertisedIdValue="ZWRpMWViTWFjMLTyYmJkOQ=="/>
        <logger level="INFO" doc:name="Logger"/>
    </flow>
    <flow name="googleContactsFlow3">
        <http:listener config-ref="HTTP_Listener_Configuration123" path="/activateBeacon" doc:name="HTTP"/>
        <google-calendars:deactivate-beacon config-ref="Google_Calendars_123" beaconName="beacons/3!65646431656265616330643262626439" doc:name="Google Calendars"/>
        <logger level="INFO" doc:name="Logger"/>
    </flow>
    <flow name="googleContactsFlow4">
        <http:listener config-ref="HTTP_Listener_Configuration123" path="/createAttachment" doc:name="HTTP"/>
        <google-calendars:create-attachment config-ref="Google_Calendars_123" beaconName="beacons/3!65646431656265616330643262626439" ProjectId="beacon-project-1103" data="Tesing from the connector" doc:name="Google Calendars"/>
        <logger message="#[payload]" level="INFO" doc:name="Logger"/>
    </flow>
</mule>
