<?xml version="1.0" encoding="UTF-8"?>

<mule xmlns:google-beacon="http://www.mulesoft.org/schema/mule/google-beacon" xmlns:http="http://www.mulesoft.org/schema/mule/http" xmlns:google-calendars="http://www.mulesoft.org/schema/mule/google-calendars" xmlns="http://www.mulesoft.org/schema/mule/core" xmlns:doc="http://www.mulesoft.org/schema/mule/documentation"
	xmlns:spring="http://www.springframework.org/schema/beans" 
	xmlns:xsi="http://www.w3.org/2001/XMLSchema-instance"
	xsi:schemaLocation="http://www.springframework.org/schema/beans http://www.springframework.org/schema/beans/spring-beans-current.xsd
http://www.mulesoft.org/schema/mule/core http://www.mulesoft.org/schema/mule/core/current/mule.xsd
http://www.mulesoft.org/schema/mule/http http://www.mulesoft.org/schema/mule/http/current/mule-http.xsd
http://www.mulesoft.org/schema/mule/google-beacon http://www.mulesoft.org/schema/mule/google-beacon/current/mule-google-beacon.xsd
http://www.mulesoft.org/schema/mule/google-calendars http://www.mulesoft.org/schema/mule/google-calendars/current/mule-google-calendars.xsd">
    <http:listener-config name="HTTP_Listener_Configuration_123" host="localhost" port="8083" doc:name="HTTP Listener Configuration"/>
    <google-beacon:config-with-oauth name="Google_Beacon_123" consumerKey="68926567054-3dnldvpfffifbgiejejl94b7veeui5j1.apps.googleusercontent.com" consumerSecret="4aiHvetqlaI6r1NIQY3C5g92" doc:name="Google Beacon">
        <google-beacon:oauth-callback-config domain="localhost" localPort="1111" remotePort="1111" path="callback"/>
        <google-beacon:oauth-store-config objectStore-ref="gc-access-object-store"/>
    </google-beacon:config-with-oauth>
    <spring:beans>
        <spring:bean id="gc-access-object-store" name="gc-access-object-store" class="org.mule.util.store.SimpleMemoryObjectStore"/>
    </spring:beans>
    <flow name="poc-google-beaconFlow">
        <http:listener config-ref="HTTP_Listener_Configuration_123" path="/authorize" doc:name="HTTP"/>
        <google-beacon:authorize config-ref="Google_Beacon_123" doc:name="Google Beacon"/>
        <logger message="#[payload]" level="INFO" doc:name="Logger"/>
    </flow>
    <flow name="poc-google-beaconFlow1">
        <http:listener config-ref="HTTP_Listener_Configuration_123" path="/beaconInfo" doc:name="HTTP"/>
        <google-beacon:get-beacon-info config-ref="Google_Beacon_123" beaconName="beacons/3!65646431656265616330643262626439" doc:name="Google Beacon"/>
        <logger level="INFO" doc:name="Logger"/>
    </flow>
    <flow name="poc-google-beaconFlow2">
        <http:listener config-ref="HTTP_Listener_Configuration_123" path="/listAttachments" doc:name="HTTP"/>
        <google-beacon:list-attachments config-ref="Google_Beacon_123" beaconName="beacons/3!65646431656265616330643262626439" doc:name="Google Beacon"/>
        <logger message="#[payload]" level="INFO" doc:name="Logger"/>
    </flow>
    <flow name="poc-google-beaconFlow3">
        <http:listener config-ref="HTTP_Listener_Configuration_123" path="/registerBeacon" doc:name="HTTP"/>
        <google-beacon:register-beacon config-ref="Google_Beacon_123" advertisedIdValue="ZWRpMWViTWFjXLTyYmJkOQ==" doc:name="Google Beacon"/>
        <logger message="#[payload]" level="INFO" doc:name="Logger"/>
    </flow>
    <flow name="poc-google-beaconFlow4">
        <http:listener config-ref="HTTP_Listener_Configuration_123" path="/deactivateBeacon" doc:name="HTTP"/>
        <google-beacon:deactivate-beacon config-ref="Google_Beacon_123" beaconName="beacons/3!65646431656265616330643262626439" doc:name="Google Beacon"/>
        <logger message="#[payload]" level="INFO" doc:name="Logger"/>
    </flow>
    <flow name="poc-google-beaconFlow5">
        <http:listener config-ref="HTTP_Listener_Configuration_123" path="/createAttachment2" doc:name="HTTP"/>
        <google-beacon:create-attachment config-ref="Google_Beacon_123" beaconName="beacons/3!65646431656265616330643262626439" ProjectId="beacon-project-1103" data="Tesing from the beacon connector" doc:name="Google Beacon"/>
        <logger message="#[payload]" level="INFO" doc:name="Logger"/>
    </flow>
    <flow name="poc-google-beaconFlow6">
        <http:listener config-ref="HTTP_Listener_Configuration_123" path="/activateBeacon" doc:name="HTTP"/>
        <google-beacon:activate-beacon config-ref="Google_Beacon_123" beaconName="beacons/3!65646431656265616330643262626439" doc:name="Google Beacon"/>
        <logger message="#[payload]" level="INFO" doc:name="Logger"/>
    </flow>
    <flow name="poc-google-beaconFlow7">
        <http:listener config-ref="HTTP_Listener_Configuration_123" path="/createAttachment" doc:name="HTTP"/>
        <google-beacon:create-attachment config-ref="Google_Beacon_123" beaconName="beacons/3!65646431656265616330643262626439" ProjectId="beacon-project-1103" data=" Welcome\ to\  Whishworks" doc:name="Google Beacon"/>
        <logger message="#[payload]" level="INFO" doc:name="Logger"/>
    </flow>
    <flow name="poc-google-beaconFlow8">
        <http:listener config-ref="HTTP_Listener_Configuration_123" path="/deleteAttachment" doc:name="HTTP"/>
        <google-beacon:delete-attachment config-ref="Google_Beacon_123" attachmentId="7d4875fd-dc38-40db-b931-75547a029b4c" beaconName="beacons/3!65646431656265616330643262626439" doc:name="Google Beacon"/>
        <logger level="INFO" doc:name="Logger"/>
    </flow>
    <flow name="poc-google-beaconFlow9">
        <http:listener config-ref="HTTP_Listener_Configuration_123" path="/listBeacons" doc:name="HTTP"/>
        <google-beacon:get-beacons config-ref="Google_Beacon_123" doc:name="Google Beacon"/>
        <logger message="#[payload]" level="INFO" doc:name="Logger"/>
    </flow>
    <flow name="poc-google-beaconFlow10">
        <http:listener config-ref="HTTP_Listener_Configuration_123" path="/getBeacons" doc:name="HTTP"/>
        <google-beacon:list-beacons config-ref="Google_Beacon_123" query="description%3A%22Room%203%22" doc:name="Google Beacon"/>
        <logger message="#[payload]" level="INFO" doc:name="Logger"/>
    </flow>
    <flow name="poc-google-beaconFlow11">
        <http:listener config-ref="HTTP_Listener_Configuration_123" path="/updateBeacon" doc:name="HTTP"/>
        <google-beacon:update-beacon config-ref="Google_Beacon_123" advertisedIdValue="ZWRkMWViZWFjMGQyYmJIOQ==" beaconName="beacons/3!65646431656265616330643262624839" description="Room 3" doc:name="Google Beacon"/>
        <logger message="#[payload]" level="INFO" doc:name="Logger"/>
    </flow>
</mule>
